{"loss": [0.617926836013794], "MCRMSE": [0.617927074432373], "val_loss": [0.5659112334251404], "val_MCRMSE": [0.5651324987411499]}